{"cameraMode":{"drawMode":0,"name":"Shaded","section":"Shading Mode"},"sceneLighting":true,"audioPlay":false,"sceneViewState":{"m_AlwaysRefresh":false,"showFog":true,"showSkybox":true,"showFlares":true,"showImageEffects":true,"showParticleSystems":true,"showVisualEffectGraphs":true,"m_FxEnabled":true},"in2DMode":false,"pivot":{"x":0.08145678043365479,"y":0.9305045008659363,"z":-2.6754350662231447},"rotation":{"x":0.005684466566890478,"y":0.0455811582505703,"z":0.0002578864514362067,"w":-0.9989513754844666},"size":3.595062255859375,"orthographic":false}